ISO,Score,Rank,Political Context,Rank_Pol,Economic Context,Rank_Eco,Legal Context,Rank_Leg,Social Context,Rank_Soc,Safety,Rank_Saf,Zone,Country_EN,Country_FR,Country_ES,Country_AR,Country_FA,Year (N),Rank N-1,Rank evolution,Country_PT,Score N-1,Score evolution
NOR,"92,65",1,"94,89",1,"90,38",1,"92,23",1,"93,71",2,"92,03",11,Europe - Asie centrale,Norway,Norvège,Noruega,النرويج,نروژ,2022,1,0,,,
DNK,"90,27",2,"94,34",2,"83,67",3,"89,18",4,"91,17",9,"92,97",7,Europe - Asie centrale,Denmark,Danemark,Dinamarca,الدنمارك,دانمارک,2022,4,2,,,
SWE,"88,84",3,"91,96",3,"87,66",2,"90,27",3,"90,18",12,"84,14",32,Europe - Asie centrale,Sweden,Suède,Suecia,السويد,سوئد,2022,3,0,,,
EST,"88,83",4,"91,11",5,"81,97",6,"87,87",5,90,13,"93,2",6,Europe - Asie centrale,Estonia,Estonie,Estonia,إستونيا,استونی,2022,15,11,,,
FIN,"88,42",5,"90,4",6,"82,03",5,"86,64",9,"90,77",10,"92,26",10,Europe - Asie centrale,Finland,Finlande,Finlandia,فنلندا,فنلاند,2022,2,-3,,,
IRL,"88,3",6,"89,24",9,"79,08",8,"85,09",14,"92,5",4,"95,58",2,Europe - Asie centrale,Ireland,Irlande,Irlanda,أيرلندا,ایرلند,2022,12,6,,,
PRT,"87,07",7,"91,86",4,"77,41",9,"84,21",18,"93,14",3,"88,73",18,Europe - Asie centrale,Portugal,Portugal,Portugal,البرتغال,پرتغال,2022,9,2,,,
CRI,"85,92",8,"81,62",17,"72,96",11,"87,72",6,"92,5",4,"94,78",3,Amériques,Costa Rica,Costa Rica,Costa Rica,كوستاريكا,کاستاریکا,2022,5,-3,,,
LTU,"84,14",9,"87,01",11,"72,16",13,"84,46",16,"89,71",16,"87,37",23,Europe - Asie centrale,Lithuania,Lituanie,Lituania,ليتوانيا,لیتوانی,2022,28,19,,,
LIE,"84,03",10,"80,36",20,"68,78",19,"84,74",15,"89,8",14,"96,46",1,Europe - Asie centrale,Liechtenstein,Liechtenstein,Liechtenstein,ليختنشتاين,لیختن‌اشتاین,2022,23,13,,,
NZL,"83,54",11,"90,15",7,"75,26",10,"74,78",54,"89,75",15,"87,76",21,Asie-Pacifique,New Zealand,Nouvelle-Zélande,Nueva Zelanda,نيوزيلاندا,زلاند نو,2022,8,-3,,,
JAM,"83,35",12,"74,85",32,"71,94",14,"82,46",24,95,1,"92,52",8,Amériques,Jamaica,Jamaïque,Jamaica,جامايكا,جامائیکا,2022,7,-5,,,
SYC,"83,33",13,"80,45",19,"69,13",18,"85,31",13,"90,25",11,"91,5",13,Afrique,Seychelles,Seychelles,Seychelles,سيشيل,سی‌شل,2022,52,39,,,
CHE,"82,72",14,90,8,"68,37",21,"80,99",29,"88,33",21,"85,92",27,Europe - Asie centrale,Switzerland,Suisse,Suiza,سويسرا,سويیس,2022,10,-4,,,
ISL,"82,69",15,"86,21",13,"65,56",28,"82,68",23,"87,5",23,"91,5",13,Europe - Asie centrale,Iceland,Islande,Islandia,أيسلندا,ایسلند,2022,16,1,,,
DEU,"82,04",16,"87,03",10,"80,07",7,"87,08",8,"89,47",17,"66,58",91,Europe - Asie centrale,Germany,Allemagne,Alemania,ألمانيا,آلمان,2022,13,-3,,,
TLS,"81,89",17,"85,45",14,"68,71",20,"85,96",11,"75,67",65,"93,65",5,Asie-Pacifique,East Timor,Timor oriental,Timor Oriental,تيمور الشرقية,تیمور شرقی,2022,71,54,,,
NAM,"81,84",18,"72,97",37,"69,8",17,"82,98",22,"91,6",8,"91,84",12,Afrique,Namibia,Namibie,Namibia,ناميبيا,نامیبیا,2022,24,6,,,
CAN,"81,74",19,"82,27",16,"71,17",16,"80,26",33,92,6,"82,99",37,Amériques,Canada,Canada,Canadá,كندا,کانادا,2022,14,-5,,,
CZE,"80,54",20,"79,66",22,"61,56",36,"84,21",18,"88,44",20,"88,81",17,Europe - Asie centrale,Czech Republic,République tchèque,República Checa,جمهورية التشيك,جمهوری چک,2022,40,20,,,
LUX,"79,81",21,"82,94",15,"66,33",27,"72,93",60,"88,71",19,"88,14",20,Europe - Asie centrale,Luxembourg,Luxembourg,Luxemburgo,لوكسمبورغ,لوکزامبورگ,2022,20,-1,,,
LVA,"79,17",22,"78,96",24,"64,58",29,"80,89",30,"87,36",25,"84,06",33,Europe - Asie centrale,Latvia,Lettonie,Letonia,لاتفيا,لتوانی,2022,22,0,,,
BEL,"78,86",23,"75,03",30,"71,22",15,"79,3",37,"87,4",24,"81,35",43,Europe - Asie centrale,Belgium,Belgique,Bélgica,بلجيكا,بلژیک,2022,11,-12,,,
GBR,"78,71",24,"80,57",18,"72,75",12,"76,63",48,"84,29",32,"79,33",49,Europe - Asie centrale,United Kingdom,Royaume-Uni,Reino Unido,المملكة المتحدة,بریتانیا,2022,33,9,,,
TTO,"78,68",25,"73,94",34,"67,86",23,"74,56",56,"84,5",31,"92,52",8,Amériques,Trinidad and Tobago,Trinité-et-Tobago,Trinidad y Tobago,ترينيداد وتوباغو,ترنتی و توبوگو,2022,31,6,,,
FRA,"78,53",26,"79,85",21,"67,86",23,"86,51",10,"89,38",18,"69,05",85,Europe - Asie centrale,France,France,Francia,فرنسا,فرانسه,2022,34,8,,,
SVK,"78,37",27,"71,44",41,"67,98",22,"82,02",26,"86,38",26,"84,01",34,Europe - Asie centrale,Slovakia,Slovaquie,Eslovaquia,سلوفاكيا,اسلواکی,2022,35,8,,,
NLD,"77,93",28,"86,3",12,"82,86",4,"87,28",7,"86,1",27,"47,09",125,Europe - Asie centrale,Netherlands,Pays-Bas,Países Bajos,هولندا,هلند,2022,6,-22,,,
ARG,"77,28",29,"76,36",28,"51,53",50,"90,68",2,"85,75",29,"82,06",39,Amériques,Argentina,Argentine,Argentina,الأرجنتين,آرژانتین,2022,69,40,,,
DOM,"76,9",30,"71,52",40,"62,24",34,"85,96",11,92,6,"72,79",71,Amériques,Dominican Republic,République dominicaine,República Dominicana,جمهورية الدومينيكان,جمهوری دومینیک,2022,50,20,,,
AUT,"76,74",31,"77,82",26,"61,43",37,"78,95",41,"81,2",46,"84,29",31,Europe - Asie centrale,Austria,Autriche,Austria,النمسا,اتریش,2022,17,-14,,,
ESP,"76,71",32,"72,73",38,"63,38",31,"82,16",25,"81,89",39,"83,4",35,Europe - Asie centrale,Spain,Espagne,España,إسبانيا,اسپانیا,2022,29,-3,,,
BTN,"76,46",33,"78,79",25,"62,24",34,"70,39",67,77,60,"93,88",4,Asie-Pacifique,Bhutan,Bhoutan,Bután,بوتان,بوتان,2022,65,32,,,
GUY,"76,41",34,"70,06",46,"67,76",25,"75,61",51,"81,4",43,"87,21",24,Amériques,Guyana,Guyana,Guyana,غويانا,گیانا,2022,51,17,,,
ZAF,"75,56",35,"75,96",29,"62,59",33,"84,36",17,"82,5",37,"72,39",74,Afrique,South Africa,Afrique du Sud,Sudáfrica,جنوب أفريقيا,آفریقای جنوبی,2022,32,-3,,,
CPV,"75,37",36,"72,55",39,"62,76",32,"77,98",44,"75,4",68,"88,16",19,Afrique,Cape Verde,Cap-Vert,Cabo Verde,الرأس الأخضر,کیپورد,2022,27,-9,,,
CIV,"74,46",37,"74,89",31,"58,45",39,"75,94",50,"81,43",41,"81,6",41,Afrique,Ivory Coast,Côte d'Ivoire,Costa de Marfil,ساحل العاج,ساحل عاج,2022,66,29,,,
TWN,"74,08",38,"74,78",33,"51,88",49,"79,01",40,"77,69",57,"87,02",25,Asie-Pacifique,Taiwan,Taïwan,Taiwán,تايوان,تایوان,2022,43,5,,,
AUS,"73,77",39,"77,17",27,"63,44",30,"64,18",96,"84,17",33,"79,88",48,Asie-Pacifique,Australia,Australie,Australia,أستراليا,استرالیا,2022,25,-14,,,
MDA,"73,47",40,"70,15",45,"47,83",63,83,21,"85,88",28,"80,48",44,Europe - Asie centrale,Moldova,Moldavie,Moldavia,مولدوفا,مولداوی,2022,89,49,,,
BFA,"73,12",41,"78,99",23,"67,69",26,"75,58",52,"87,83",22,"55,52",113,Afrique,Burkina Faso,Burkina Faso,Burkina Faso,بوركينا فاسو,بورکینافاسو,2022,37,-4,,,
USA,"72,74",42,"72,99",36,"59,33",38,"77,32",46,"81,43",41,"72,63",72,Amériques,United States,États-Unis,Estados Unidos,الولايات المتحدة,ایالات متحده امریکا,2022,44,2,,,
KOR,"72,11",43,"71,15",42,"55,31",43,"72,81",61,"79,8",51,"81,5",42,Asie-Pacifique,South Korea,Corée du Sud,Corea del Sur,كوريا الجنوبية,کره جنوبی,2022,42,-1,,,
URY,"72,03",44,"70,3",44,"49,32",58,"83,63",20,"72,33",78,"84,58",30,Amériques,Uruguay,Uruguay,Uruguay,أوروغواي,اروگويه,2022,18,-26,,,
WSM,"71,39",45,"61,82",67,"56,12",41,"64,91",92,85,30,"89,12",16,Asie-Pacifique,Samoa,Samoa,Samoa,ساموا,ساموآ,2022,21,-24,,,
SLE,"71,03",46,"73,71",35,"50,38",55,"78,4",42,"77,5",58,"75,14",58,Afrique,Sierra Leone,Sierra Leone,Sierra Leona,سيراليون,سئیرالئون,2022,75,29,,,
BLZ,"70,67",47,70,47,"52,04",48,"63,6",100,82,38,"85,71",28,Amériques,Belize,Bélize,Belice,بليز,بلیز,2022,53,6,,,
HRV,"70,42",48,"68,26",49,"50,46",53,"79,19",38,"76,09",64,"78,08",52,Europe - Asie centrale,Croatia,Croatie,Croacia,كرواتيا,کرواسی,2022,56,8,,,
TON,"69,74",49,"69,7",48,"53,06",47,"66,67",86,"69,5",87,"89,8",15,Asie-Pacifique,Tonga,Tonga,Tonga,تونغا,تونگا,2022,46,-3,,,
GMB,"69,25",50,"71,11",43,"51,36",51,"67,69",81,"81,33",44,"74,74",64,Afrique,Gambia,Gambie,Gambia,غامبيا,گامبیا,2022,85,35,,,
ARM,"68,97",51,"66,26",55,"44,44",81,"77,88",45,"76,33",63,"79,91",47,Europe - Asie centrale,Armenia,Arménie,Armenia,أرمينيا,ارمنستان,2022,63,12,,,
SUR,"68,95",52,"67,88",51,"55,1",44,"62,28",102,84,34,"75,51",57,Amériques,Suriname,Suriname,Surinam,سورينام,سورینام,2022,19,-33,,,
AND,"68,79",53,"68,12",50,"50,41",54,"69,12",71,"68,8",91,"87,48",22,Europe - Asie centrale,Andorra,Andorre,Andorra,أندورا,آندور,2022,39,-14,,,
SVN,"68,54",54,"59,32",78,"47,7",65,"79,11",39,"79,94",50,"76,61",56,Europe - Asie centrale,Slovenia,Slovénie,Eslovenia,سلوفينيا,اسلوانی,2022,36,-18,,,
XCD,"68,49",55,"62,91",61,"48,37",62,"68,25",78,"79,8",51,"83,13",36,Amériques,OECS,OECS,OECS,الكاريبي,جزایر کارائیب شرقی,2022,45,-10,,,
ROU,"68,46",56,"66,77",53,"46,77",72,"76,46",49,"81,67",40,"70,63",79,Europe - Asie centrale,Romania,Roumanie,Rumania,رومانيا,رومانی,2022,48,-8,,,
MKD,"68,44",57,"66,16",56,"43,71",83,"81,29",28,"73,17",74,"77,85",53,Europe - Asie centrale,North Macedonia,Macédoine du Nord,República de Macedonia del Norte,مقدونيا الشمالية,مقدونیه شمالی,2022,90,33,,,
ITA,"68,16",58,"65,89",57,"47,52",67,"73,93",59,80,49,"73,48",68,Europe - Asie centrale,Italy,Italie,Italia,إيطاليا,ایتالیا,2022,41,-17,,,
NER,"67,8",59,"62,3",65,"46,73",73,"71,75",64,"76,5",61,"81,69",40,Afrique,Niger,Niger,Niger,النيجر,نیجر,2022,59,0,,,
GHA,"67,43",60,"66,61",54,"47,22",69,"81,42",27,"79,64",53,"62,25",101,Afrique,Ghana,Ghana,Ghana,غانا,غنا,2022,30,-30,,,
XKO,67,61,"64,34",60,"45,24",77,"80,85",31,"74,33",70,"70,26",81,Europe - Asie centrale,Kosovo,Kosovo,Kosovo,كوسوفو,کوسووو,2022,78,17,,,
PNG,"66,66",62,"62,42",63,"45,24",77,"66,08",89,"81,33",44,"78,23",51,Asie-Pacifique,Papua New Guinea,Papouasie-Nouvelle-Guinée,Papúa Nueva Guinea,بابوا غينيا الجديدة,پاپوآ گینه نو,2022,47,-15,,,
MNE,"66,54",63,"62,51",62,"47,67",66,"77,19",47,71,80,"74,33",65,Europe - Asie centrale,Montenegro,Monténégro,Montenegro,الجبل الأسود,مونته‌نگرو,2022,104,41,,,
MUS,"66,07",64,"55,58",91,"47,81",64,"64,16",97,"80,29",48,"82,5",38,Afrique,Mauritius,Maurice,Mauricio,موريشيوس,موریس,2022,61,-3,,,
CYP,"65,97",65,"61,21",70,"42,09",91,"74,56",56,"65,75",101,"86,25",26,Europe - Asie centrale,Cyprus,Chypre,Chipre,قبرص,قبرس,2022,26,-39,,,
POL,"65,64",66,"50,95",110,"57,41",40,"68,95",72,"82,53",36,"68,33",86,Europe - Asie centrale,Poland,Pologne,Polonia,بولندا,لهستان,2022,64,-2,,,
BIH,"65,64",67,"61,56",69,"40,23",101,"79,57",35,"71,86",79,"74,95",61,Europe - Asie centrale,Bosnia and Herzegovina,Bosnie-Herzégovine,Bosnia-Herzegovina,البوسنة والهرسك,بوسنی هرزوگوین,2022,58,-9,,,
ECU,"64,61",68,"60,1",73,"55,44",42,"67,98",79,"69,5",87,"70,03",82,Amériques,Ecuador,Équateur,Ecuador,الإكوادور,اکواتور,2022,96,28,,,
KEN,"64,59",69,"62,42",63,"46,33",75,"72,28",62,78,55,"63,92",96,Afrique,Kenya,Kenya,Kenia,كينيا,کنیا,2022,102,33,,,
HTI,"64,55",70,"59,6",77,"50,34",56,"72,22",63,"80,67",47,"59,91",106,Amériques,Haiti,Haïti,Haití,هايتي,هايیتی,2022,87,17,,,
JPN,"64,37",71,"54,66",96,"53,7",46,"66,23",88,"67,06",96,"80,19",45,Asie-Pacifique,Japan,Japon,Japón,اليابان,ژاپن,2022,67,-4,,,
KGZ,"64,25",72,"59,9",74,"48,64",60,"68,86",73,69,90,"74,83",63,Europe - Asie centrale,Kyrgyzstan,Kirghizstan,Kirguistán,قرغيزستان,قرقیزستان,2022,79,7,,,
SEN,"63,07",73,"59,31",79,"42,13",90,"66,67",86,"72,43",76,"74,84",62,Afrique,Senegal,Sénégal,Senegal,السنغال,سنگال,2022,49,-24,,,
PAN,"62,78",74,"54,24",98,"47,45",68,"64,04",98,74,72,"74,15",67,Amériques,Panama,Panama,Panamá,بنما,پاناما,2022,77,3,,,
LBR,"62,77",75,"55,5",92,"32,8",135,"74,69",55,"82,57",35,"68,3",87,Afrique,Liberia,Liberia,Liberia,ليبيريا,لیبریا,2022,98,23,,,
NPL,"62,67",76,"59,8",75,"40,14",102,"66,08",89,"77,33",59,"69,99",83,Asie-Pacifique,Nepal,Népal,Nepal,نيبال,نپال,2022,106,30,,,
PER,"61,75",77,"66,97",52,"41,84",92,"70,61",66,63,110,"66,35",92,Amériques,Peru,Pérou,Peru,بيرو,پرو,2022,91,14,,,
MLT,"61,55",78,"46,82",121,"41,33",96,"67,98",79,"74,75",69,"76,87",55,Europe - Asie centrale,Malta,Malte,Malta,مالطا,مالت,2022,81,3,,,
SRB,"61,51",79,"47,47",118,"34,92",129,"79,92",34,"74,22",71,"71,03",78,Europe - Asie centrale,Serbia,Serbie,Serbia,صربيا,صربستان,2022,93,14,,,
MWI,"61,4",80,"55,76",90,"38,44",110,"78,07",43,"67,67",93,"67,08",89,Afrique,Malawi,Malawi,Malaui,مالاوي,مالاوی,2022,62,-18,,,
CTU,"61,08",81,"56,48",87,"38,78",108,"69,82",68,"60,2",120,"80,14",46,Europe - Asie centrale,Cyprus North,Chypre (partie Nord),Chipre Norte,قبرص (الجزء الشمالي),قبرس (شمالی),2022,76,-5,,,
CHL,"60,61",82,"65,03",59,"42,86",86,"67,63",82,"72,4",77,"55,15",115,Amériques,Chile,Chili,Chile,تشيلي,شیلی,2022,54,-28,,,
COM,"60,16",83,"56,36",88,"50,26",57,"59,98",112,"75,63",66,"58,56",109,Afrique,Comoros,Comores,Comoras,جزر القمر,کومور,2022,84,1,,,
GIN,"59,82",84,"59,26",80,"47,05",70,"71,15",65,"70,67",81,"50,96",122,Afrique,Guinea,Guinée,Guinea,غينيا,گینه,2022,109,25,,,
HUN,"59,8",85,"47,07",119,"32,31",141,"67,25",83,"67,33",95,"85,03",29,Europe - Asie centrale,Hungary,Hongrie,Hungría,المجر,مجارستان,2022,92,7,,,
ISR,"59,62",86,"65,15",58,"55,1",44,"53,51",130,"77,75",56,"46,61",126,Maghreb - Moyen-Orient,Israel,Israël,Israel,إسرائيل,اسرائیل,2022,86,0,,,
MDV,"59,55",87,"62,27",66,"38,27",111,"67,11",85,55,134,"75,12",59,Asie-Pacifique,Maldives,Maldives,Maldivas,المالديف,مالدیو,2022,72,-15,,,
LSO,"59,39",88,"57,37",85,"40,14",102,"57,31",119,74,72,"68,11",88,Afrique,Lesotho,Lesotho,Lesoto,ليسوتو,لسو‌تو,2022,88,0,,,
GEO,"59,3",89,"52,42",102,"46,43",74,"80,79",32,"75,5",67,"41,34",135,Europe - Asie centrale,Georgia,Géorgie,Georgia,جورجيا,گرجستان,2022,60,-29,,,
MNG,"59,17",90,"55,48",93,"36,18",121,"60,37",110,"69,55",86,"74,27",66,Asie-Pacifique,Mongolia,Mongolie,Mongolia,منغوليا,مغولستان,2022,68,-22,,,
BGR,"59,12",91,"54,95",95,"30,1",150,"68,71",76,"66,83",97,"75,02",60,Europe - Asie centrale,Bulgaria,Bulgarie,Bulgaria,بلغاريا,بلغارستان,2022,112,21,,,
GNB,"58,79",92,"51,15",108,"50,82",52,"68,42",77,"62,4",113,"61,18",104,Afrique,Guinea-Bissau,Guinée-Bissau,Guinea-Bisáu,غينيا بيساو,گینه بیسائو,2022,95,3,,,
COG,"58,64",93,"58,06",83,"48,57",61,"64,21",95,"62,6",112,"59,76",108,Afrique,Congo,Congo,República del Congo,الكونغو,کنگو,2022,118,25,,,
TUN,"58,49",94,"61,82",67,"41,84",92,"67,19",84,"70,2",82,"51,42",121,Maghreb - Moyen-Orient,Tunisia,Tunisie,Túnez,تونس,تونس,2022,73,-21,,,
BWA,"58,49",95,"56,97",86,"37,24",116,"56,36",122,"69,75",85,"72,11",75,Afrique,Botswana,Botswana,Botsuana,بوتسوانا,بوستاوانا,2022,38,-57,,,
PRY,"58,36",96,"54,24",98,"31,12",147,"75,44",53,65,104,"65,99",93,Amériques,Paraguay,Paraguay,Paraguay,باراغواي,پاراگوئه,2022,100,4,,,
MRT,"58,1",97,"55,15",94,"35,13",125,"64,29",94,"64,29",106,"71,67",76,Afrique,Mauritania,Mauritanie,Mauritania,موريتانيا,موریتانی,2022,94,-3,,,
MDG,"58,02",98,"52,58",101,"35,08",126,"64,47",93,"64,5",105,"73,47",69,Afrique,Madagascar,Madagascar,Madagascar,مدغشقر,ماداگاسکار,2022,57,-41,,,
AGO,"57,17",99,"52,83",100,"35,03",127,"61,11",106,73,75,"63,87",97,Afrique,Angola,Angola,Angola,أنغولا,آنگولا,2022,103,4,,,
TGO,"57,17",100,"57,52",84,"41,73",94,"61,93",104,"69,5",87,"55,15",116,Afrique,Togo,Togo,Togo,توغو,توگو,2022,74,-26,,,
CAF,"56,96",101,"51,21",107,"41,07",99,"62,06",103,"68,25",92,"62,19",102,Afrique,Central African Republic,République centrafricaine,República Centroafricana,جمهورية أفريقيا الوسطى,جمهوری آفریقای مرکزی,2022,126,25,,,
FJI,"56,91",102,"44,85",128,"39,8",104,"58,33",115,64,107,"77,55",54,Asie-Pacifique,Fiji,Fidji,Fiyi,فيجي,فیجی,2022,55,-47,,,
ALB,"56,41",103,"50,55",113,"29,39",154,"68,77",75,"66,6",98,"66,75",90,Europe - Asie centrale,Albania,Albanie,Albania,ألبانيا,آلبانی,2022,83,-20,,,
TCD,"56,18",104,"55,88",89,"43,27",85,"60,35",111,"63,2",109,"58,21",110,Afrique,Chad,Tchad,Chad,تشاد,چاد,2022,123,19,,,
GAB,56,105,"48,38",115,"39,46",106,"56,14",123,"65,5",102,"70,52",80,Afrique,Gabon,Gabon,República Gabonesa,الغابون,گابون,2022,117,12,,,
UKR,"55,76",106,"61,21",70,"42,86",86,"79,45",36,"76,43",62,"18,84",165,Europe - Asie centrale,Ukraine,Ukraine,Ucrania,أوكرانيا,اوکراين,2022,97,-9,,,
BDI,"55,74",107,"50,03",114,"44,67",80,"59,55",113,"52,78",139,"71,66",77,Afrique,Burundi,Burundi,Burundi,بوروندي,بروندی,2022,147,40,,,
GRC,"55,52",108,"60,5",72,"38,13",113,"69,54",70,"65,36",103,"44,1",128,Europe - Asie centrale,Greece,Grèce,Grecia,اليونان,یونان,2022,70,-38,,,
ZMB,"55,4",109,"52,35",103,"37,76",114,"58,33",115,64,107,"64,55",94,Afrique,Zambia,Zambie,Zambia,زامبيا,زامبیا,2022,115,6,,,
BRA,"55,36",110,"51,62",105,"37,59",115,"69,74",69,70,83,"47,86",124,Amériques,Brazil,Brésil,Brasil,البرازيل,برزیل,2022,111,1,,,
MLI,"54,48",111,"35,15",161,"42,6",88,"74,34",58,"78,5",54,"41,81",133,Afrique,Mali,Mali,Malí,مالي,مالی,2022,99,-12,,,
SLV,"54,09",112,"42,94",137,"39,07",107,"63,22",101,"62,86",111,"62,37",100,Amériques,El Salvador,El Salvador,El Salvador,السلفادور,ال‌سالوادور,2022,82,-30,,,
MYS,"51,55",113,"46,52",122,"42,6",88,"40,13",155,56,128,"72,48",73,Asie-Pacifique,Malaysia,Malaisie,Malasia,ماليزيا,مالزی,2022,119,6,,,
ETH,"50,53",114,"50,65",112,"45,77",76,"63,66",99,"57,29",126,"35,29",144,Afrique,Ethiopia,Éthiopie,Etiopía,أثيوبيا,اتیوپی,2022,101,-13,,,
THA,"50,15",115,"58,99",81,"45,24",77,"47,37",142,"53,67",137,"45,5",127,Asie-Pacifique,Thailand,Thaïlande,Tailandia,تايلاند,تایلند,2022,137,22,,,
MOZ,"49,89",116,"46,06",123,"40,31",100,"61,62",105,"47,25",153,"54,21",118,Afrique,Mozambique,Mozambique,Mozambique,موزمبيق,موزامبیک,2022,108,-8,,,
IDN,"49,27",117,"45,91",125,"41,33",96,"55,7",125,66,99,"37,42",139,Asie-Pacifique,Indonesia,Indonésie,Indonesia,أندونيسيا,اندونزی,2022,113,-4,,,
CMR,"49,1",118,"48,05",116,"35,71",123,"56,89",121,"67,57",94,"37,25",140,Afrique,Cameroon,Cameroun,Camerún,الكاميرون,کامرون,2022,135,17,,,
QAT,"49,03",119,"59,7",76,"46,94",71,"43,86",149,"42,5",162,"52,17",120,Maghreb - Moyen-Orient,Qatar,Qatar,Catar,قطر,قطر,2022,128,9,,,
JOR,"48,66",120,40,151,"32,65",136,"41,23",154,66,99,"63,4",99,Maghreb - Moyen-Orient,Jordan,Jordanie,Jordania,الأردن,اردن,2022,129,9,,,
BEN,"48,39",121,"47,73",117,"28,19",158,"57,46",118,"55,5",132,"53,1",119,Afrique,Benin,Bénin,Benín,بنين,بنین,2022,114,-7,,,
KAZ,"48,28",122,"43,52",136,"29,8",153,"51,93",135,"52,3",140,"63,85",98,Europe - Asie centrale,Kazakhstan,Kazakhstan,Kazajistán,كازاخستان,قزاقستان,2022,155,33,,,
TZA,"48,28",123,"43,88",135,"32,65",136,"45,09",143,"59,2",122,"60,56",105,Afrique,Tanzania,Tanzanie,Tanzania,تنزانيا,تانزانیا,2022,124,1,,,
GTM,"47,94",124,"46,06",123,"33,67",132,"68,86",73,59,123,"32,12",150,Amériques,Guatemala,Guatemala,Guatemala,غواتيمالا,گواتمالا,2022,116,-8,,,
COD,"47,66",125,"51,33",106,"41,43",95,"60,88",108,"60,3",119,"24,34",161,Afrique,The Democratic Republic Of The Congo,RD Congo,RD Congo,جمهورية الكونغو الديمقراطية,جمهوری دمکراتیک کنگو,2022,149,24,,,
BOL,"47,58",126,"44,55",133,"33,67",132,"58,77",114,45,155,"55,89",112,Amériques,Bolivia,Bolivie,Bolivia,بوليفيا,بلیوی,2022,110,-16,,,
MEX,"47,57",127,"58,18",82,"43,37",84,"65,79",91,"59,5",121,"11,02",179,Amériques,Mexico,Mexique,México,المكسيك,مکزیک,2022,143,16,,,
SSD,"47,06",128,"40,48",148,"36,73",118,"52,11",134,"50,6",143,"55,37",114,Afrique,South Sudan,Soudan du Sud,Sudán del Sur,جمهورية جنوب السودان,سودان جنوبی,2022,139,11,,,
NGA,"46,79",129,"45,15",127,"36,39",120,"53,8",129,"69,83",84,"28,75",154,Afrique,Nigeria,Nigeria,Nigeria,نيجيريا,نیجریه,2022,120,-9,,,
LBN,"46,58",130,"50,91",111,"38,27",111,"50,22",137,"60,5",117,"33,02",148,Maghreb - Moyen-Orient,Lebanon,Liban,Líbano,لبنان,لبنان,2022,107,-23,,,
SWZ,"46,42",131,"41,31",142,"35,03",127,"43,86",149,"50,5",144,"61,4",103,Afrique,Eswatini,Eswatini,Esuatini,إسواتيني,اسواتینی,2022,141,10,,,
UGA,"46,35",132,"44,7",130,"36,99",117,"60,96",107,56,128,"33,09",147,Afrique,Uganda,Ouganda,Uganda,أوغندا,اوگاندا,2022,125,-7,,,
UZB,"45,74",133,"44,75",129,"35,71",123,"50,88",136,"53,33",138,"44,03",129,Europe - Asie centrale,Uzbekistan,Ouzbékistan,Uzbekistán,أوزبكستان,اوزبکستان,2022,157,24,,,
DZA,"45,53",134,"41,21",143,"32,4",139,"54,17",127,"55,88",131,"44,02",130,Maghreb - Moyen-Orient,Algeria,Algérie,Argelia,الجزائر,الجزایر,2022,146,12,,,
MAR,"45,42",135,"51,67",104,"28,83",157,"55,81",124,56,128,"34,82",146,Maghreb - Moyen-Orient,Morocco,Maroc,Marruecos,المغرب,مراکش,2022,136,1,,,
RWA,"45,18",136,"42,12",140,"31,89",144,"57,89",117,"55,25",133,"38,76",137,Afrique,Rwanda,Rwanda,Ruanda,رواندا,روندا,2022,156,20,,,
ZWE,"44,94",137,"40,3",150,"32,4",139,"54,17",127,"54,5",136,"43,34",131,Afrique,Zimbabwe,Zimbabwe,Zimbabue,زيمبابوي,زیمبابوه,2022,130,-7,,,
ARE,"44,46",138,"45,45",126,"36,73",118,"32,02",165,"50,5",144,"57,59",111,Maghreb - Moyen-Orient,United Arab Emirates,Émirats arabes unis,Emiratos Árabes Unidos,الإمارات العربية المتحدة,امارات متحده عربی,2022,131,-7,,,
SGP,"44,23",139,"39,09",153,"29,21",156,"34,21",163,"49,25",148,"69,39",84,Asie-Pacifique,Singapore,Singapour,Singapur,سنغافورة,سنگاپور,2022,160,21,,,
SOM,"44,01",140,"51,03",109,"41,22",98,"47,72",141,"61,8",116,"18,27",167,Afrique,Somalia,Somalie,Somalia,الصومال,سومالی,2022,161,21,,,
GNQ,"43,96",141,"42,73",138,"24,49",165,"44,3",147,"44,25",158,"64,04",95,Afrique,Equatorial Guinea,Guinée équatoriale,Guinea Ecuatorial,غينيا الاستوائية,گینه اکوادور,2022,164,23,,,
KHM,"43,48",142,"42,42",139,"27,96",159,"49,65",138,"62,4",113,"34,96",145,Asie-Pacifique,Cambodia,Cambodge,Camboya,كمبوديا,کامبوج,2022,144,2,,,
LBY,"43,16",143,"54,42",97,"34,9",130,"44,91",144,45,155,"36,58",141,Maghreb - Moyen-Orient,Libya,Libye,Libia,ليبيا,لیبی,2022,165,22,,,
BRN,"42,53",144,"40,61",146,"30,61",148,"28,51",171,34,171,"78,91",50,Asie-Pacifique,Brunei Darussalam,Brunei,Brunéi,بروناي,برونی,2022,154,10,,,
COL,"42,43",145,"44,7",130,"32,27",142,"60,42",109,"50,38",146,"24,4",160,Amériques,Colombia,Colombie,Colombia,كولومبيا,کلمبیا,2022,134,-11,,,
LKA,"42,13",146,"40,91",144,"27,04",163,"53,07",132,"48,25",150,"41,37",134,Asie-Pacifique,Sri Lanka,Sri Lanka,Sri Lanka,سري لانكا,سریلانکا,2022,127,-19,,,
PHL,"41,84",147,"44,44",134,"23,13",169,"54,97",126,"61,83",115,"24,83",159,Asie-Pacifique,Philippines,Philippines,Filipinas,الفلبين,فلیپین,2022,138,-9,,,
HKG,"41,64",148,"40,5",147,"35,9",122,"42,58",151,"57,45",125,"31,78",151,Asie-Pacifique,Hong Kong,Hong-Kong,Hong Kong,هونغ كونغ,هنگ کنگ,2022,80,-68,,,
TUR,"41,25",149,"38,38",154,"27,55",161,"52,92",133,55,134,"32,37",149,Europe - Asie centrale,Turkey,Turquie,Turquía,تركيا,ترکیه,2022,153,4,,,
IND,41,150,"40,76",145,"30,36",149,"57,02",120,"56,25",127,"20,61",163,Asie-Pacifique,India,Inde,India,الهند,هند,2022,142,-8,,,
SDN,"40,96",151,"47,05",120,"29,97",151,"41,45",153,51,142,"35,35",143,Afrique,Sudan,Soudan,Sudán,السودان,سودان,2022,159,8,,,
TJK,"40,26",152,"33,79",164,"29,85",152,"48,68",139,46,154,"42,96",132,Europe - Asie centrale,Tajikistan,Tadjikistan,Tayikistán,طاجيكستان,تاجیکستان,2022,162,10,,,
BLR,"39,62",153,"32,93",169,"48,75",59,"37,23",158,"60,33",118,"18,85",164,Europe - Asie centrale,Belarus,Bélarus,Belarús,روسيا البيضاء,روسیه سفید,2022,158,5,,,
AZE,"39,4",154,"37,66",155,"23,76",167,"48,25",140,"58,86",124,"28,48",155,Europe - Asie centrale,Azerbaijan,Azerbaïdjan,Azerbaiyán,أذربيجان,آذربایجان,2022,167,13,,,
RUS,"38,82",155,"36,36",158,"34,84",131,"44,61",146,"51,29",141,27,157,Europe - Asie centrale,Russian Federation,Russie,Rusia,روسيا,روسیه,2022,150,-5,,,
AFG,"38,27",156,"44,65",132,"43,88",82,"42,54",152,"43,33",161,"16,96",171,Asie-Pacifique,Afghanistan,Afghanistan,Afganistán,أفغانستان,افغانستان,2022,122,-34,,,
PAK,"37,99",157,"39,57",152,"31,92",143,"53,26",131,"47,43",152,"17,75",168,Asie-Pacifique,Pakistan,Pakistan,Pakistán,باكستان,پاکستان,2022,145,-12,,,
KWT,"37,87",158,"32,73",170,"19,39",175,"36,84",159,27,176,"73,41",70,Maghreb - Moyen-Orient,Kuwait,Koweït,Kuwait,الكويت,کویت,2022,105,-53,,,
VEN,"37,78",159,"33,7",165,"31,73",145,"44,74",145,"47,5",151,"31,22",152,Amériques,Venezuela,Venezuela,Venezuela,فنزويلا,ونزوئلا,2022,148,-11,,,
NIC,"37,09",160,"37,45",156,"38,78",108,"31,75",166,"49,8",147,"27,68",156,Amériques,Nicaragua,Nicaragua,Nicaragua,نيكاراغوا,نیکاراگوئه,2022,121,-39,,,
LAO,"36,64",161,"36,06",159,"20,92",172,"31,58",167,44,160,"50,64",123,Asie-Pacifique,Lao People's Democratic Republic,Laos,Laos,لاوس,لائوس,2022,172,11,,,
BGD,"36,63",162,"42,12",140,"32,48",138,"44,15",148,"48,5",149,"15,88",172,Asie-Pacifique,Bangladesh,Bangladesh,Bangladés,بنغلاديش,بنگلادش,2022,152,-10,,,
OMN,"35,99",163,"32,73",170,"23,98",166,"18,42",179,45,155,"59,82",107,Maghreb - Moyen-Orient,Oman,Oman,Omán,عمان,عمان,2022,133,-30,,,
DJI,"35,75",164,"32,73",170,"16,12",177,"37,72",157,"37,6",165,"54,56",117,Afrique,Djibouti,Djibouti,Yibuti,جيبوتي,جیبوتی,2022,176,12,,,
HND,"34,61",165,"33,33",167,"31,63",146,"36,84",159,31,173,"40,22",136,Amériques,Honduras,Honduras,Honduras,هندوراس,هندوراس,2022,151,-14,,,
SAU,"33,71",166,"37,27",157,"33,67",132,"22,37",177,"36,5",167,"38,75",138,Maghreb - Moyen-Orient,Saudi Arabia,Arabie saoudite,Arabia Saudita,المملكة العربية السعودية,عربستان سعودی,2022,170,4,,,
BHR,"30,97",167,"35,15",161,"21,43",170,"28,95",170,"39,67",164,"29,65",153,Maghreb - Moyen-Orient,Bahrain,Bahreïn,Baréin,البحرين,بحرین,2022,168,1,,,
EGY,"30,23",168,"30,91",174,"23,47",168,"34,87",162,"44,25",158,"17,64",169,Maghreb - Moyen-Orient,Egypt,Égypte,Egipto,مصر,مصر,2022,166,-2,,,
YEM,"29,14",169,"33,03",168,"27,55",161,"38,6",156,35,169,"11,54",177,Maghreb - Moyen-Orient,Yemen,Yémen,Yemen,اليمن,یمن,2022,169,0,,,
PSE,"28,98",170,"35,45",160,"15,82",178,"36,4",161,"36,5",167,"20,74",162,Maghreb - Moyen-Orient,Palestine,Palestine,Palestina,فلسطين,فلسطین,2022,132,-38,,,
SYR,"28,94",171,"33,51",166,"27,62",160,"33,58",164,"36,57",166,"13,39",175,Maghreb - Moyen-Orient,Syrian Arab Republic,Syrie,Siria,سوريا,سوریه,2022,173,2,,,
IRQ,"28,59",172,"34,14",163,"20,07",173,"29,82",168,"40,67",163,"18,27",166,Maghreb - Moyen-Orient,Iraq,Irak,Irak,العراق,عراق,2022,163,-9,,,
CUB,"27,32",173,"27,27",177,"39,8",104,"15,79",180,"27,5",175,"26,24",158,Amériques,Cuba,Cuba,Cuba,كوبا,کوبا,2022,171,-2,,,
VNM,"26,11",174,"32,32",173,"18,71",176,"27,49",172,"34,67",170,"17,37",170,Asie-Pacifique,Vietnam,Viêt Nam,Vietnam,فيتنام,ویتنام,2022,175,1,,,
CHN,"25,17",175,"27,45",176,"26,02",164,"23,25",175,"33,3",172,"15,84",173,Asie-Pacifique,China,Chine,China,الصين,چین,2022,177,2,,,
MMR,"25,03",176,"40,4",149,"29,25",155,"20,18",178,"30,67",174,"4,63",180,Asie-Pacifique,Myanmar,Birmanie,Birmania,بورما,برمه,2022,140,-36,,,
TKM,"25,01",177,25,178,"11,73",179,"29,61",169,23,178,"35,69",142,Europe - Asie centrale,Turkmenistan,Turkménistan,Turkmenistán,تركمانستان,ترکمنستان,2022,178,1,,,
IRN,"23,22",178,"30,71",175,"21,32",171,"26,71",173,"23,78",177,"13,61",174,Maghreb - Moyen-Orient,Islamic Republic of Iran,Iran,Irán,إيران,ایران,2022,174,-4,,,
ERI,"19,62",179,"22,22",180,"19,73",174,"25,15",174,"19,67",179,"11,36",178,Afrique,Eritrea,Érythrée,Eritrea,إريتريا,اریتره,2022,180,1,,,
PRK,"13,92",180,"22,42",179,0,180,"22,81",176,12,180,"12,38",176,Asie-Pacifique,Democratic People's Republic of Korea,Corée du Nord,Corea del Norte,كوريا الشمالية,کره شمالی,2022,179,-1,,,
NOR,"95,18",1,"96,54",1,"92,46",1,"94,92",1,"95,98",1,"95,98",3,UE Balkans,Norway,Norvège,Noruega,النرويج,نروژ,2023,1,0,Noruega ,"92,65","2,53"
IRL,"89,91",2,"93,91",2,"82,11",7,"82,55",19,"94,03",3,"96,94",2,UE Balkans,Ireland,Irlande,Irlanda,أيرلندا,ایرلند,2023,6,4,Irlanda ,"88,3","1,61"
DNK,"89,48",3,"91,95",4,"85,17",4,"87,5",5,"87,78",17,95,5,UE Balkans,Denmark,Danemark,Dinamarca,الدنمارك,دانمارک,2023,2,-1,Dinamarca ,"90,27","-0,79"
SWE,"88,15",4,"92,58",3,"86,08",3,"88,74",4,"88,64",14,"84,72",40,UE Balkans,Sweden,Suède,Suecia,السويد,سوئد,2023,3,-1,Suécia ,"88,84","-0,69"
FIN,"87,94",5,"91,55",5,"83,8",5,"84,86",11,"89,17",13,"90,35",23,UE Balkans,Finland,Finlande,Finlandia,فنلندا,فنلاند,2023,5,0,Finlândia ,"88,42","-0,48"
NLD,87,6,"88,93",7,"89,08",2,"90,3",3,"86,53",24,"80,18",67,UE Balkans,Netherlands,Pays-Bas,Países Bajos,هولندا,هلند,2023,28,22,Países Baixos ,"77,93","9,07"
LTU,"86,79",7,88,9,"77,65",8,"84,53",12,"89,43",12,"94,33",8,UE Balkans,Lithuania,Lituanie,Lituania,ليتوانيا,لیتوانی,2023,9,2,Lituânia ,"84,14","2,65"
EST,"85,31",8,"85,36",17,"76,75",10,"82,88",18,"90,75",9,"90,79",20,UE Balkans,Estonia,Estonie,Estonia,إستونيا,استونی,2023,4,-4,Estônia ,"88,83","-3,52"
PRT,"84,6",9,"86,32",13,"71,02",20,"84,38",13,"89,77",11,"91,48",16,UE Balkans,Portugal,Portugal,Portugal,البرتغال,پرتغال,2023,7,-2,Portugal ,"87,07","-2,47"
TLS,"84,49",10,"81,88",20,"74,51",13,"83,02",15,"87,12",20,"95,93",4,Asie-Pacifique,East Timor,Timor oriental,Timor Oriental,تيمور الشرقية,تیمور شرقی,2023,17,7,Timor Leste ,"81,89","2,6"
LIE,"84,47",11,"85,63",16,"69,93",23,"81,45",24,"90,91",7,"94,44",6,UE Balkans,Liechtenstein,Liechtenstein,Liechtenstein,ليختنشتاين,لیختن‌اشتاین,2023,10,-1,Liechtenstein ,"84,03","0,44"
CHE,"84,4",12,"87,42",10,"72,79",15,"77,95",37,"92,33",4,"91,52",15,UE Balkans,Switzerland,Suisse,Suiza,سويسرا,سويیس,2023,14,2,Suíça ,"82,72","1,68"
NZL,"84,23",13,"89,69",6,"77,45",9,"78,62",35,"84,09",30,"91,3",17,Asie-Pacifique,New Zealand,Nouvelle-Zélande,Nueva Zelanda,نيوزيلاندا,زلاند نو,2023,11,-2,Nova Zelândia ,"83,54","0,69"
CZE,"83,58",14,"82,19",19,"65,52",28,"86,64",6,"91,29",6,"92,27",11,UE Balkans,Czechia,Tchéquie,Chequia,التشيك, چک,2023,20,6,Chéquia,"80,54","3,04"
CAN,"83,53",15,"88,13",8,"72,22",17,"86,48",7,"88,26",15,"82,56",54,Amériques,Canada,Canada,Canadá,كندا,کانادا,2023,19,4,Canadá ,"81,74","1,79"
LVA,"83,27",16,"85,69",15,"73,97",14,"79,45",32,"85,98",25,"91,26",18,UE Balkans,Latvia,Lettonie,Letonia,لاتفيا,لتوانی,2023,22,6,Letônia ,"79,17","4,1"
SVK,"83,22",17,"78,04",25,"75,16",11,"82,96",17,"89,85",10,"90,07",24,UE Balkans,Slovakia,Slovaquie,Eslovaquia,سلوفاكيا,اسلواکی,2023,27,10,Eslováquia ,"78,37","4,85"
ISL,"83,19",18,"86,04",14,"68,35",27,"82,35",20,"87,01",22,"92,22",12,UE Balkans,Iceland,Islande,Islandia,أيسلندا,ایسلند,2023,15,-3,Islândia ,"82,69","0,5"
WSM,"82,15",19,"76,88",27,"72,55",16,"67,92",67,"94,32",2,"99,09",1,Asie-Pacifique,Samoa,Samoa,Samoa,ساموا,ساموآ,2023,45,26,Samoa ,"71,39","10,76"
LUX,"81,98",20,"87,42",10,"71,94",18,"76,77",45,"82,1",34,"91,67",14,UE Balkans,Luxembourg,Luxembourg,Luxemburgo,لوكسمبورغ,لوکزامبورگ,2023,21,1,Luxemburgo ,"79,81","2,17"
DEU,"81,91",21,"87,33",12,"82,31",6,"85,85",9,"87,19",19,"66,88",96,UE Balkans,Germany,Allemagne,Alemania,ألمانيا,آلمان,2023,16,-5,Alemanha ,"82,04","-0,13"
NAM,"80,91",22,"75,75",29,"70,78",21,"79,81",29,"87,73",18,"90,48",22,Afrique,Namibia,Namibie,Namibia,ناميبيا,نامیبیا,2023,18,-4,Namíbia ,"81,84","-0,93"
CRI,"80,2",23,"65,94",48,"70,59",22,"85,93",8,"87,97",16,"90,56",21,Amériques,Costa Rica,Costa Rica,Costa Rica,كوستاريكا,کاستاریکا,2023,8,-15,Costa Rica ,"85,92","-5,72"
FRA,"78,72",24,"79,44",22,"68,87",25,"81,56",22,"87,1",21,"76,64",81,UE Balkans,France,France,Francia,فرنسا,فرانسه,2023,26,2,França ,"78,53","0,19"
ZAF,"78,6",25,"77,26",26,"64,1",29,"83,02",15,"84,7",28,"83,9",48,Afrique,South Africa,Afrique du Sud,Sudáfrica,جنوب أفريقيا,آفریقای جنوبی,2023,35,10,África do Sul ,"75,56","3,04"
GBR,"78,51",26,"80,88",21,"74,71",12,"73,49",50,"81,36",37,"82,12",59,UE Balkans,United Kingdom,Royaume-Uni,Reino Unido,المملكة المتحدة,بریتانیا,2023,24,-2,Reino Unido,"78,71","-0,2"
AUS,"78,24",27,"83,85",18,"68,49",26,"69,41",63,"81,98",35,"87,46",33,Asie-Pacifique,Australia,Australie,Australia,أستراليا,استرالیا,2023,39,12,Austrália ,"73,77","4,47"
MDA,"77,62",28,"79,24",23,"57,95",44,"83,12",14,"85,86",26,"81,91",61,EEAC,Moldova,Moldavie,Moldavia,مولدوفا,مولداوی,2023,40,12,Moldávia ,"73,47","4,15"
AUT,"77,3",29,"74,01",33,"61,85",32,"77,32",39,"84,14",29,"89,2",26,UE Balkans,Austria,Autriche,Austria,النمسا,اتریش,2023,31,2,Áustria ,"76,74","0,56"
TTO,"76,54",30,"71,25",40,"60,78",34,"64,15",81,"92,05",5,"94,44",6,Amériques,Trinidad and Tobago,Trinité-et-Tobago,Trinidad y Tobago,ترينيداد وتوباغو,ترنتی و توبوگو,2023,25,-5,Trinidad e Tobago ,"78,68","-2,14"
BEL,"76,47",31,"79,06",24,"62,09",31,"78,3",36,"82,39",33,"80,53",65,UE Balkans,Belgium,Belgique,Bélgica,بلجيكا,بلژیک,2023,23,-8,Bélgica ,"78,86","-2,39"
JAM,"75,89",32,"67,75",43,"71,37",19,"68,49",65,"86,59",23,"85,24",39,Amériques,Jamaica,Jamaïque,Jamaica,جامايكا,جامائیکا,2023,12,-20, Jamaica ,"83,35","-7,46"
CPV,"75,72",33,"73,86",34,"60,78",34,"73,76",49,"80,17",42,"90,01",25,Afrique,Cabo Verde,Cap-Vert,Cabo Verde,الرأس الأخضر,کیپورد,2023,36,3,Cabo Verde ,"75,37","0,35"
SYC,"75,71",34,"74,38",32,"59,41",38,"76,98",43,"80,23",41,"87,56",32,Afrique,Seychelles,Seychelles,Seychelles,سيشيل,سی‌شل,2023,13,-21,Seychelles ,"83,33","-7,62"
TWN,"75,54",35,"73,83",35,"53,4",55,"80,75",25,"77,65",51,"92,06",13,Asie-Pacifique,Taiwan,Taïwan,Taiwán,تايوان,تایوان,2023,38,3,Taiwan ,"74,08","1,46"
ESP,"75,37",36,"72,12",38,"60,33",37,"78,74",33,"83,13",31,"82,51",55,UE Balkans,Spain,Espagne,España,إسبانيا,اسپانیا,2023,32,-4,Espanha ,"76,71","-1,34"
AND,"75,05",37,"74,69",31,"55,39",49,"77,12",42,"75,28",62,"92,78",10,UE Balkans,Andorra,Andorre,Andorra,أندورا,آندور,2023,53,16,Andorra ,"68,79","6,26"
MKD,"74,35",38,"72,33",36,"54,95",53,"84,99",10,"78,2",50,"81,27",64,UE Balkans,North Macedonia,Macédoine,República de Macedonia del Norte,مقدونيا الشمالية,مقدونیه شمالی ,2023,57,19,Macedônia do Norte ,"68,44","5,91"
MNE,"74,28",39,"72,13",37,"58,04",42,"81,51",23,"76,48",54,"83,25",50,UE Balkans,Montenegro,Monténégro,Montenegro,الجبل الأسود,مونته‌نگرو,2023,63,24,Montenegro ,"66,54","7,74"
ARG,"73,36",40,"75,25",30,"49,8",71,"90,66",2,"76,82",53,"74,27",86,Amériques,Argentina,Argentine,Argentina,الأرجنتين,آرژانتین,2023,29,-11,Argentina ,"77,28","-3,92"
ITA,"72,05",41,"64,2",52,"55,04",51,"80,32",27,"73,86",68,"86,83",35,UE Balkans,Italy,Italie,Italia,إيطاليا,ایتالیا,2023,58,17,Itália ,"68,16","3,89"
HRV,"71,95",42,"67,56",44,"51,07",65,"81,82",21,"74,59",66,"84,71",43,UE Balkans,Croatia,Croatie,Croacia,كرواتيا,کرواسی,2023,48,6,Croácia ,"70,42","1,53"
DOM,"71,88",43,"71,48",39,"52,45",60,"76,53",46,"76,42",55,"82,5",56,Amériques,Dominican Republic,République dominicaine,República Dominicana,جمهورية الدومينيكان,جمهوری دومینیک,2023,30,-13,República Dominicana ,"76,9","-5,02"
TON,"71,29",44,"70,31",42,"56,86",46,"60,38",95,75,63,"93,89",9,Asie-Pacifique,Tonga,Tonga,Tonga,تونغا,تونگا,2023,49,5,Tonga ,"69,74","1,55"
USA,"71,22",45,"76,56",28,"69,76",24,"77,31",40,80,43,"52,49",120,Amériques,United States,États-Unis,Estados Unidos,الولايات المتحدة,ایالات متحده امریکا,2023,42,-3,Estados Unidos ,"72,74","-1,52"
GMB,"71,06",46,"66,88",46,"59,22",39,"60,75",93,85,27,"83,46",49,Afrique,Gambia,Gambie,Gambia,غامبيا,گامبیا,2023,50,4,Gâmbia ,"69,25","1,81"
KOR,"70,83",47,"63,51",54,"55,81",48,"70,03",60,"77,53",52,"87,26",34,Asie-Pacifique,South Korea,Corée du Sud,Corea del Sur,كوريا الجنوبية,کره جنوبی,2023,43,-4,Coreia do Sul ,"72,11","-1,28"
SUR,"70,62",48,"63,13",55,"60,78",34,"47,17",132,"90,91",7,"91,11",19,Amériques,Suriname,Surinam,Surinam,سورينام,سورینام,2023,52,4,Suriname ,"68,95","1,67"
ARM,"70,61",49,"63,75",53,"48,53",76,"73,82",48,"82,95",32,"83,98",46,EEAC,Armenia,Arménie,Armenia,أرمينيا,ارمنستان,2023,51,2,Armênia ,"68,97","1,64"
SVN,"70,59",50,"66,25",47,"46,41",92,"79,64",30,"75,95",59,"84,72",40,UE Balkans,Slovenia,Slovénie,Eslovenia,سلوفينيا,اسلوانی,2023,54,4,Eslovênia ,"68,54","2,05"
BLZ,"70,49",51,"61,98",62,"53,92",54,"68,11",66,"79,55",46,"88,89",27,Amériques,Belize,Bélize,Belice,بليز,بلیز,2023,47,-4,Belize ,"70,67","-0,18"
URY,"70,33",52,"62,73",58,"55,08",50,"78,73",34,"74,9",65,"80,2",66,Amériques,Uruguay,Uruguay,Uruguay,أوروغواي,اروگويه,2023,44,-8,Uruguai ,"72,03","-1,7"
ROU,"69,04",53,"59,65",68,"49,24",73,"71,86",53,"81,44",36,"83,03",51,UE Balkans,Romania,Roumanie,Rumania,رومانيا,رومانی,2023,56,3,Romênia ,"68,46","0,58"
CIV,"68,83",54,"66,98",45,"58,01",43,"71,07",54,"76,33",56,"71,79",90,Afrique,Côte d'Ivoire,Côte d'Ivoire,Costa de Marfil,ساحل العاج,ساحل عاج,2023,37,-17,Costa do Marfim ,"74,46","-5,63"
CYP,"68,62",55,"64,66",50,"53,12",56,"71,89",52,"64,98",85,"88,44",29,UE Balkans,Cyprus,Chypre,Chipre,قبرص,قبرس,2023,65,10,Chipre ,"65,97","2,65"
XKX,"68,38",56,"62,95",56,"50,28",68,"80,26",28,"75,49",61,"72,95",88,UE Balkans,Kosovo,Kosovo,Kosovo,كوسوفو,کوسووو,2023,61,5,Kosovo ,67,"1,38"
POL,"67,66",57,"50,15",112,"55,02",52,"69,03",64,"78,28",49,"85,82",37,UE Balkans,Poland,Pologne,Polonia,بولندا,لهستان,2023,66,9,Polônia ,"65,64","2,02"
BFA,"67,64",58,"62,81",57,"58,33",41,"67,45",69,"81,25",38,"75,55",83,Afrique,Burkina Faso,Burkina Faso,Burkina Faso,بوركينا فاسو,بورکینافاسو,2023,41,-17,Burkina Faso ,"73,12","-5,48"
PNG,"67,62",59,"59,58",69,"51,31",64,"66,35",74,"71,97",72,"88,89",27,Asie-Pacifique,Papua New Guinea,Papouasie-Nouvelle-Guinée,Papúa Nueva Guinea,بابوا غينيا الجديدة,پاپوآ گینه نو,2023,62,3,Papua-Nova Guiné ,"66,66","0,96"
GUY,"67,5",60,"54,69",93,"58,82",40,"59,43",100,"79,83",45,"84,72",40,Amériques,Guyana,Guyana,Guyana,غويانا,گیانا,2023,34,-26,Guiana ,"76,41","-8,91"
NER,"66,84",61,"62,68",60,"41,6",118,"69,54",62,"74,03",67,"86,35",36,Afrique,Niger,Niger,Niger,النيجر,نیجر,2023,59,-2,Níger ,"67,8","-0,96"
GHA,"65,93",62,"61,88",63,"47,94",80,"79,62",31,"78,98",47,"61,25",103,Afrique,Ghana,Ghana,Ghana,غانا,غنا,2023,60,-2,Gana ,"67,43","-1,5"
MUS,"65,56",63,"52,75",104,"49,9",70,"61,98",91,"81,02",39,"82,13",58,Afrique,Mauritius,Maurice,Mauricio,موريشيوس,موریس,2023,64,1,Maurício ,"66,07","-0,51"
BIH,"65,43",64,"55,27",90,"45,1",100,"77,54",38,"71,02",73,"78,24",76,UE Balkans,Bosnia-Herzegovina,Bosnie-Herzégovine,Bosnia-Herzegovina,البوسنة والهرسك,بوسنی هرزوگوین,2023,67,3,Bósnia-Herzegóvina ,"65,64","-0,21"
BWA,"64,61",65,"55,63",84,"50,44",67,"58,07",103,"78,79",48,"80,14",69,Afrique,Botswana,Botswana,Botsuana,بوتسوانا,بوستاوانا,2023,95,30,Botsuana ,"58,49","6,12"
LBR,"64,34",66,"55,5",86,"39,61",127,"76,98",43,80,43,"69,62",94,Afrique,Liberia,Libéria,Liberia,ليبيريا,لیبریا,2023,75,9,Libéria ,"62,77","1,57"
LSO,"64,29",67,"64,38",51,"44,85",104,"55,97",112,"68,47",76,"87,78",30,Afrique,Lesotho,Lesotho,Lesoto,ليسوتو,لسو‌تو,2023,88,21,Lesoto ,"59,39","4,9"
JPN,"63,95",68,"55,75",83,"56,32",47,"66,39",73,"59,32",105,"81,99",60,Asie-Pacifique,Japan,Japon,Japón,اليابان,ژاپن,2023,71,3,Japão ,"64,37","-0,42"
PAN,"63,67",69,"57,5",77,"51,63",62,"64,47",80,"64,77",86,80,70,Amériques,Panama,Panama,Panamá,بنما,پاناما,2023,74,5,Panamá ,"62,78","0,89"
TGO,"63,06",70,"54,5",95,"46,86",89,"60,19",96,"69,32",74,"84,45",44,Afrique,Togo,Togo,Togo,توغو,توگو,2023,100,30,Togo ,"57,17","5,89"
BGR,"62,98",71,"58,25",73,"37,91",133,"70,25",57,"65,53",81,"82,94",53,UE Balkans,Bulgaria,Bulgarie,Bulgaria,بلغاريا,بلغارستان,2023,91,20,Bulgária ,"59,12","3,86"
HUN,"62,96",72,"45,63",130,"43,94",112,"70,94",55,"72,62",70,"81,66",62,UE Balkans,Hungary,Hongrie,Hungría,المجر,مجارستان,2023,85,13,Hungria ,"59,8","3,16"
MYS,"62,83",73,"55,31",89,"52,94",57,"44,58",138,"75,85",60,"85,46",38,Asie-Pacifique,Malaysia,Malaisie,Malasia,ماليزيا,مالزی,2023,113,40,Malásia ,"51,55","11,28"
SLE,"62,55",74,"65,45",49,"47,9",81,"65,9",77,"72,24",71,"61,27",102,Afrique,Sierra Leone,Sierra Leone,Sierra Leona,سيراليون,سئیرالئون,2023,46,-28,Serra Leoa ,"71,03","-8,48"
COM,"62,25",75,"55,09",92,"49,72",72,"65,36",78,"61,85",92,"79,21",73,Afrique,Comoros,Comores,Comoras,جزر القمر,کومور,2023,83,8,Comores ,"60,16","2,09"
CTU,"61,73",76,"56,18",80,"42,92",114,"63,1",87,"63,45",90,"83,01",52,UE Balkans,Northern Cyprus,Chypre du Nord,Chipre del Norte,قبرص الشمالية,قبرس شمالی,2023,81,5,Chipre do Norte ,"61,08","0,65"
GEO,"61,69",77,"48,4",121,"47,17",87,76,47,75,63,"61,9",100,EEAC,Georgia,Géorgie,Georgia,جورجيا,گرجستان,2023,89,12,Geórgia ,"59,3","2,39"
GNB,"61,57",78,"56,09",81,"51,72",61,"70,05",59,"65,06",84,"64,95",98,Afrique,Guinea-Bissau,Guinée-Bissau,Guinea-Bisáu,غينيا بيساو,گینه بیسائو,2023,92,14,Guiné-Bissau ,"58,79","2,78"
UKR,"61,19",79,"60,63",65,"63,48",30,"80,66",26,"80,4",40,"20,78",179,EEAC,Ukraine,Ukraine,Ucrania,أوكرانيا,اوکراين,2023,106,27,Ucrânia ,"55,76","5,43"
ECU,"60,51",80,"60,52",66,"61,6",33,"70,13",58,"61,55",93,"48,76",128,Amériques,Ecuador,Équateur,Ecuador,الإكوادور,اکواتور,2023,68,-12,Equador ,"64,61","-4,1"
COG,"60,42",81,"57,58",76,"45,71",97,"62,15",90,"58,52",108,"78,17",77,Afrique,Congo-Brazzaville,Congo-Brazzaville, Congo-Brazzaville,الكونغو–برازافيل,کنگو برازاویل,2023,93,12,Congo-Brazzaville ,"58,64","1,78"
MWI,"60,34",82,"52,57",106,"47,6",83,"66,56",72,"60,23",98,"74,73",84,Afrique,Malawi,Malawi,Malaui,مالاوي,مالاوی,2023,80,-2,Malaui ,"61,4","-1,06"
CHL,"60,09",83,"70,8",41,"47,48",84,"65,09",79,"65,58",80,"51,49",124,Amériques,Chile,Chili,Chile,تشيلي,شیلی,2023,82,-1,Chile ,"60,61","-0,52"
MLT,"59,76",84,"46,46",128,"44,77",105,"57,23",108,"66,04",79,"84,31",45,UE Balkans,Malta,Malte,Malta,مالطا,مالت,2023,78,-6,Malta ,"61,55","-1,79"
GIN,"59,51",85,60,67,"46,08",93,"62,85",88,"60,09",99,"68,55",95,Afrique,Guinea,Guinée,Guinea,غينيا,گینه,2023,84,-1,Guiné ,"59,82","-0,31"
MRT,"59,45",86,"54,06",96,"47,06",88,"57,55",105,"60,8",96,"77,78",78,Afrique,Mauritania,Mauritanie,Mauritania,موريتانيا,موریتانی,2023,97,11,Mauritânia ,"58,1","1,35"
ZMB,"59,41",87,"61,77",64,"38,89",130,"56,76",109,"58,14",111,"81,46",63,Afrique,Zambia,Zambie,Zambia,زامبيا,زامبیا,2023,109,22,Zâmbia ,"55,4","4,01"
MNG,"59,33",88,"54,66",94,"38,95",129,"59,61",99,"63,95",87,"79,49",71,Asie-Pacifique,Mongolia,Mongolie,Mongolia,منغوليا,مغولستان,2023,90,2,Mongólia ,"59,17","0,16"
FJI,"59,27",89,"53,13",102,"45,1",100,"55,97",112,"62,88",91,"79,26",72,Asie-Pacifique,Fiji,Fidji,Fiyi,فيجي,فیجی,2023,102,13,Ilhas Fiji ,"56,91","2,36"
BTN,"59,25",90,"62,08",61,"50,49",66,"46,54",134,"49,51",136,"87,62",31,Asie-Pacifique,Bhutan,Bhoutan,Bután,بوتان,بوتان,2023,33,-57,Butão ,"76,46","-17,21"
SRB,"59,16",91,"45,27",133,"39,15",128,"77,18",41,"59,87",103,"74,31",85,UE Balkans,Serbia,Serbie,Serbia,صربيا,صربستان,2023,79,-12,Sérvia ,"61,51","-2,35"
BRA,"58,67",92,"55,79",82,"52,59",59,"72,44",51,"76,22",57,"36,3",149,Amériques,Brazil,Brésil,Brasil,البرازيل,برزیل,2023,110,18,Brasil ,"55,36","3,31"
CSS,"58,36",93,"55,47",87,"45,34",99,"54,01",119,"59,94",101,"77,04",80,Amériques,OECS,OÉCO,OECO,الكاريبي,جزایر کارائیب شرقی,2023,55,-38,OECO,"68,49","-10,13"
GAB,"58,12",94,"48,33",122,"46,57",90,"57,39",106,"58,14",111,"80,17",68,Afrique,Gabon,Gabon,República Gabonesa,الغابون,گابون,2023,105,11,Gabão ,56,"2,12"
NPL,"57,89",95,"58,44",72,"44,61",106,"66,27",76,"61,08",95,"59,04",106,Asie-Pacifique,Nepal,Népal,Nepal,نيبال,نپال,2023,76,-19,Nepal ,"62,67","-4,78"
ALB,"57,86",96,"47,76",124,"35,13",148,"67,61",68,"68,37",77,"70,45",93,UE Balkans,Albania,Albanie,Albania,ألبانيا,آلبانی,2023,103,7,Albânia ,"56,41","1,45"
ISR,"57,57",97,"62,71",59,"57,52",45,"47,17",132,"76,14",58,"44,3",134,MENA,Israel,Israël,Israel,إسرائيل,اسرائیل,2023,86,-11,Israel ,"59,62","-2,05"
CAF,"57,56",98,"53,39",99,"49,02",74,"63,88",86,"66,56",78,"54,97",112,Afrique,Central African Republic,République centrafricaine,República Centroafricana,جمهورية أفريقيا الوسطى,جمهوری آفریقای مرکزی,2023,101,3,República Centro-Africana ,"56,96","0,6"
HTI,"57,38",99,"59,38",71,"48,18",79,"69,95",61,"73,38",69,"36,02",152,Amériques,Haiti,Haïti,Haití,هايتي,هايیتی,2023,70,-29,Haiti ,"64,55","-7,17"
MDV,"56,93",100,"53,75",97,"32,84",161,"59,91",98,"55,68",124,"82,48",57,Asie-Pacifique,Maldives,Maldives,Maldivas,المالديف,مالدیو,2023,87,-13,Maldivas ,"59,55","-2,62"
MDG,"56,66",101,"49,03",117,"36,71",139,"60,69",94,"58,46",109,"78,39",75,Afrique,Madagascar,Madagascar,Madagascar,مدغشقر,ماداگاسکار,2023,98,-3,Madagascar ,"58,02","-1,36"
MOZ,"56,13",102,"49,17",115,"46,51",91,"66,98",70,"65,28",83,"52,73",119,Afrique,Mozambique,Mozambique,Mozambique,موزمبيق,موزامبیک,2023,116,14,Moçambique ,"49,89","6,24"
PRY,"55,96",103,"57,06",78,"42,16",117,"70,85",56,"61,25",94,"48,51",129,Amériques,Paraguay,Paraguay,Paraguay,باراغواي,پاراگوئه,2023,96,-7,Paraguai ,"58,36","-2,4"
SEN,"55,82",104,"56,43",79,"46,08",93,"55,66",115,"65,42",82,"55,51",111,Afrique,Senegal,Sénégal,Senegal,السنغال,سنگال,2023,73,-31,Senegal ,"63,07","-7,25"
QAT,"55,28",105,"53,13",102,50,69,"38,21",151,"51,14",133,"83,93",47,MENA,Qatar,Qatar,Catar,قطر,قطر,2023,119,14,Catar ,"49,03","6,25"
THA,"55,24",106,"59,53",70,"51,47",63,"51,42",124,"56,25",120,"57,54",109,Asie-Pacifique,Thailand,Thaïlande,Tailandia,تايلاند,تایلند,2023,115,9,Tailândia ,"50,15","5,09"
GRC,"55,2",107,"53,31",100,"37,66",134,"61,36",92,"52,23",130,"71,44",91,UE Balkans,Greece,Grèce,Grecia,اليونان,یونان,2023,108,1,Grécia ,"55,52","-0,32"
IDN,"54,83",108,"55,16",91,"44,61",106,"63,92",85,"55,97",123,"54,49",115,Asie-Pacifique,Indonesia,Indonésie,Indonesia,أندونيسيا,اندونزی,2023,117,9,Indonésia ,"49,27","5,56"
TCD,"53,73",109,"53,3",101,"52,94",57,"58,63",102,"69,16",75,"34,62",154,Afrique,Chad,Tchad,Chad,تشاد,چاد,2023,104,-5,Chade ,"56,18","-2,45"
PER,"52,74",110,"57,99",75,"42,81",115,"63,94",84,"56,94",116,42,140,Amériques,Peru,Pérou,Peru,بيرو,پرو,2023,77,-33,Peru ,"61,75","-9,01"
SWZ,"52,66",111,"46,61",126,"43,98",111,"45,28",137,"56,01",122,"71,44",91,Afrique,Eswatini,Swaziland,Esuatini,إسواتيني,اسواتینی ,2023,131,20,Eswatini ,"46,42","6,24"
BEN,"52,44",112,"48,98",119,"39,83",125,"56,01",111,"63,49",89,"53,9",117,Afrique,Benin,Bénin,Benín,بنين,بنین,2023,121,9,Benim ,"48,39","4,05"
MLI,"52,29",113,"52,63",105,"38,82",131,"55,09",117,55,125,"59,88",105,Afrique,Mali,Mali,Malí,مالي,مالی,2023,111,-2,Mali ,"54,48","-2,19"
BDI,"52,14",114,"51,5",109,"48,82",75,"55,41",116,"52,12",131,"52,84",118,Afrique,Burundi,Burundi,Burundi,بوروندي,بروندی,2023,107,-7,Burundi ,"55,74","-3,6"
SLV,"51,36",115,"38,13",157,"41,47",119,"55,85",114,"49,32",137,"72,03",89,Amériques,El Salvador,Salvador,El Salvador,السلفادور,ال‌سالوادور,2023,112,-3,El Salvador ,"54,09","-2,73"
KEN,"51,15",116,"49,17",115,"40,52",121,"66,82",71,"56,25",120,"42,99",136,Afrique,Kenya,Kenya,Kenia,كينيا,کنیا,2023,69,-47,Quênia ,"64,59","-13,44"
BOL,"51,09",117,"46,53",127,"45,72",96,"60,12",97,"56,4",119,"46,68",130,Amériques,Bolivia,Bolivie,Bolivia,بوليفيا,بلیوی,2023,126,9,Bolívia ,"47,58","3,51"
SSD,"50,62",118,"49,46",114,"48,32",78,"56,06",110,"47,73",141,"51,54",123,Afrique,South Sudan,Soudan du Sud,Sudán del Sur,جمهورية جنوب السودان,سودان جنوبی,2023,128,10,Sudão do Sul ,"47,06","3,56"
LBN,"50,46",119,"51,63",108,"35,69",147,"48,11",130,"58,86",106,58,108,MENA,Lebanon,Liban,Líbano,لبنان,لبنان,2023,130,11,Líbano ,"46,58","3,88"
GNQ,"50,35",120,"43,85",136,"36,93",138,"57,92",104,"39,58",150,"73,47",87,Afrique,Equatorial Guinea,Guinée Équatoriale,Guinea Ecuatorial,غينيا الاستوائية,گینه اکوادور,2023,141,21,Guiné Equatorial ,"43,96","6,39"
TUN,"50,11",121,"58,13",74,"34,97",150,"49,06",128,"53,79",127,"54,6",114,MENA,Tunisia,Tunisie,Túnez,تونس,تونس,2023,94,-27,Tunísia ,"58,49","-8,38"
KGZ,"49,91",122,"48,13",123,"47,25",86,"50,19",127,"49,09",138,"54,91",113,EEAC,Kyrgyzstan,Kirghizistan,Kirguistán,قرغيزستان,قرقیزستان,2023,72,-50,Quirguistão ,"64,25","-14,34"
NGA,"49,56",123,"51,96",107,"44,12",110,"50,54",126,"63,8",88,"37,38",147,Afrique,Nigeria,Nigeria,Nigeria,نيجيريا,نیجریه,2023,129,6,Nigéria ,"46,79","2,77"
COD,"48,55",124,"51,03",110,"44,36",109,52,122,"59,94",101,"35,42",153,Afrique,DR Congo,RD Congo,RD Congo,جمهورية الكونغو الديمقراطية,جمهوری دمکراتیک کنگو,2023,125,1,RD Congo,"47,66","0,89"
AGO,"48,3",125,"43,57",137,"31,79",163,"51,21",125,"54,71",126,"60,2",104,Afrique,Angola,Angola,Angola,أنغولا,آنگولا,2023,99,-26,Angola ,"57,17","-8,87"
ZWE,"48,17",126,"42,08",143,"37,58",135,"57,39",106,"60,8",96,"42,98",137,Afrique,Zimbabwe,Zimbabwe,Zimbabue,زيمبابوي,زیمبابوه,2023,137,11,Zimbábue ,"44,94","3,23"
GTM,"48,12",127,"42,64",140,"40,09",124,"64,15",81,"57,58",113,"36,15",151,Amériques,Guatemala,Guatemala,Guatemala,غواتيمالا,گواتمالا,2023,124,-3,Guatemala ,"47,94","0,18"
MEX,"47,98",128,"55,38",88,"47,35",85,"66,32",75,"47,16",142,"23,68",174,Amériques,Mexico,Mexique,México,المكسيك,مکزیک,2023,127,-1,México ,"47,57","0,41"
SGP,"47,88",129,"38,75",155,"42,4",116,"27,36",168,"51,99",132,"78,89",74,Asie-Pacifique,Singapore,Singapour,Singapur,سنغافورة,سنگاپور,2023,139,10,Cingapura ,"44,23","3,65"
ETH,"47,7",130,"50,25",111,"43,14",113,"62,64",89,"43,64",146,"38,82",146,Afrique,Ethiopia,Éthiopie,Etiopía,أثيوبيا,اتیوپی,2023,114,-16,Etiópia ,"50,53","-2,83"
RWA,"46,58",131,40,149,"34,8",151,"58,87",101,"58,33",110,"40,91",143,Afrique,Rwanda,Rwanda,Ruanda,رواندا,روندا,2023,136,5,Ruanda ,"45,18","1,4"
PHL,"46,21",132,"43,96",135,"40,2",122,"52,2",120,"57,39",114,"37,3",148,Asie-Pacifique,Philippines,Philippines,Filipinas,الفلبين,فلیپین,2023,147,15,Filipinas ,"41,84","4,37"
UGA,"46,08",133,"45,75",129,"39,8",126,"54,34",118,60,100,"30,52",164,Afrique,Uganda,Ouganda,Uganda,أوغندا,اوگاندا,2023,132,-1,Uganda ,"46,35","-0,27"
KAZ,"45,87",134,"44,06",134,"36,03",143,"44,34",139,"59,37",104,"45,54",133,EEAC,Kazakhstan,Kazakhstan,Kazajistán,كازاخستان,قزاقستان,2023,122,-12,Cazaquistão ,"48,28","-2,41"
LKA,"45,85",135,"40,94",146,"48,53",76,"43,4",143,"42,05",148,"54,32",116,Asie-Pacifique,Sri Lanka,Sri Lanka,Sri Lanka,سري لانكا,سریلانکا,2023,146,11,Sri Lanka ,"42,13","3,72"
DZA,"45,74",136,"42,14",142,"36,13",141,"46,09",136,"52,6",129,"51,72",122,MENA,Algeria,Algérie,Argelia,الجزائر,الجزایر,2023,134,-2,Argélia ,"45,53","0,21"
UZB,"45,73",137,"45,52",132,"38,4",132,"52,2",120,"43,56",147,"48,98",127,EEAC,Uzbekistan,Ouzbékistan,Uzbekistán,أوزبكستان,اوزبکستان,2023,133,-4,Uzbequistão ,"45,74","-0,01"
CMR,"45,58",138,"42,5",141,"35,99",144,"44,07",141,"58,77",107,"46,58",131,Afrique,Cameroon,Cameroun,Camerún,الكاميرون,کامرون,2023,118,-20,Camarões ,"49,1","-3,52"
COL,"45,23",139,"55,63",84,"35,05",149,"64,1",83,"37,37",156,"34,01",155,Amériques,Colombia,Colombie,Colombia,كولومبيا,کلمبیا,2023,145,6,Colômbia ,"42,43","2,8"
HKG,"44,86",140,"40,43",148,"45,89",95,"38,32",150,"56,51",118,"43,15",135,Asie-Pacifique,Hong Kong,Hong Kong,Hong Kong,هونغ كونغ,هنگ کنگ,2023,148,8,Hong Kong ,"41,64","3,22"
SOM,"44,24",141,"53,44",98,"44,49",108,"43,63",142,"51,14",133,"28,5",169,Afrique,Somalia,Somalie,Somalia,الصومال,سومالی,2023,140,-1,Somália ,"44,01","0,23"
BRN,"44,2",142,"49,84",113,"34,8",151,"30,66",162,"29,88",170,"75,83",82,Asie-Pacifique,Brunei,Brunei,Brunéi,بروناي,برونی,2023,144,2,Brunei ,"42,53","1,67"
TZA,"44,02",143,"42,97",138,"33,33",157,"31,6",159,"53,41",128,"58,78",107,Afrique,Tanzania,Tanzanie,Tanzania,تنزانيا,تانزانیا,2023,123,-20,Tanzânia ,"48,28","-4,26"
MAR,"43,69",144,"39,92",151,"30,62",164,"48,97",129,"56,87",117,"42,07",139,MENA,Morocco / Western Sahara ,Maroc / Sahara occidental,Marruecos / Sáhara Occidental,المغرب/الصحراء الغربية,مراکش/صحرای غربی,2023,135,-9,Marrocos / Saara Ocidental ,"45,42","-1,73"
ARE,"42,99",145,"45,63",130,"45,1",100,"36,79",153,"30,68",165,"56,77",110,MENA,United Arab Emirates,Émirats arabes unis,Emiratos Árabes Unidos,الإمارات العربية المتحدة,امارات متحده عربی,2023,138,-7,Emirados Árabes Unidos ,"44,46","-1,47"
JOR,"42,79",146,"47,71",125,"34,64",153,"37,74",152,"32,2",164,"61,68",101,MENA,Jordan,Jordanie,Jordania,الأردن,اردن,2023,120,-26,Jordânia ,"48,66","-5,87"
KHM,"42,02",147,"38,5",156,"27,84",171,"46,42",135,"57,27",115,"40,05",144,Asie-Pacifique,Cambodia,Cambodge,Camboya,كمبوديا,کامبوج,2023,142,-5,Cambodja ,"43,48","-1,46"
SDN,"40,83",148,"42,08",143,"28,43",169,"31,45",160,"40,15",149,"62,05",99,Afrique,Sudan,Soudan,Sudán,السودان,سودان,2023,151,3,Sudão ,"40,96","-0,13"
LBY,"40,22",149,49,118,"34,31",154,"30,19",163,"45,23",144,"42,36",138,MENA,Libya,Libye,Libia,ليبيا,لیبی,2023,143,-6,Líbia ,"43,16","-2,94"
PAK,"39,95",150,"42,71",139,"37,25",136,"48,11",130,"48,11",140,"23,57",176,Asie-Pacifique,Pakistan,Pakistan,Pakistán,باكستان,پاکستان,2023,157,7,Paquistão ,"37,99","1,96"
AZE,"39,93",151,"35,45",165,"25,91",173,"38,95",149,50,135,"49,35",126,EEAC,Azerbaijan,Azerbaïdjan,Azerbaiyán,أذربيجان,آذربایجان,2023,154,3,Azerbaijão ,"39,4","0,53"
AFG,"39,75",152,"48,96",120,"44,93",103,"42,77",145,"30,68",165,"31,41",161,Asie-Pacifique,Afghanistan,Afghanistan,Afganistán,أفغانستان,افغانستان,2023,156,4,Afeganistão ,"38,27","1,48"
TJK,"39,06",153,"34,17",167,"37,09",137,"51,57",123,"36,17",160,"36,3",149,EEAC,Tajikistan,Tadjikistan,Tayikistán,طاجيكستان,تاجیکستان,2023,152,-1,Tajiquistão ,"40,26","-1,2"
KWT,"38,84",154,"41,25",145,"24,51",177,"30,19",163,"20,45",176,"77,78",78,MENA,Kuwait,Koweït,Kuwait,الكويت,کویت,2023,158,4,Kuwait ,"37,87","0,97"
OMN,"37,87",155,"36,25",161,"33,82",156,"15,09",179,"38,07",155,"66,11",97,MENA,Oman,Oman,Omán,عمان,عمان,2023,163,8,Omã ,"35,99","1,88"
PSE,"37,86",156,"40,47",147,"40,2",122,"44,34",139,"36,36",158,"27,95",170,MENA,Palestine,Palestine,Palestina,فلسطين,فلسطین,2023,170,14,Palestina ,"28,98","8,88"
BLR,"37,17",157,"32,34",174,"47,67",82,"28,07",167,"48,3",139,"29,45",168,EEAC,Belarus,Bélarus,Belarús,روسيا البيضاء,روسیه سفید,2023,153,-4,Bielorrússia ,"39,62","-2,45"
NIC,"37,09",158,"35,81",163,"45,49",98,"28,21",166,"44,32",145,"31,65",160,Amériques,Nicaragua,Nicaragua,Nicaragua,نيكاراغوا,نیکاراگوئه,2023,160,2,Nicarágua ,"37,09",0
VEN,"36,99",159,"34,89",166,"35,74",145,"34,82",155,"38,53",153,"40,96",142,Amériques,Venezuela,Venezuela,Venezuela,فنزويلا,ونزوئلا,2023,159,0,Venezuela ,"37,78","-0,79"
LAO,"36,66",160,"36,04",162,"33,33",157,"25,47",169,"38,26",154,"50,19",125,Asie-Pacifique,Laos,Laos,Laos,لاوس,لائوس,2023,161,1,Laos ,"36,64","0,02"
IND,"36,62",161,"33,65",169,"34,15",155,"42,92",144,"45,27",143,"27,12",172,Asie-Pacifique,India,Inde,India,الهند,هند,2023,150,-11,Índia ,41,"-4,38"
DJI,"35,87",162,"39,25",152,"25,49",174,"34,53",157,"28,18",172,"51,9",121,Afrique,Djibouti,Djibouti,Yibuti,جيبوتي,جیبوتی,2023,164,2,Djibuti ,"35,75","0,12"
BGD,"35,31",163,"39,06",154,"36,11",142,"35,22",154,"36,55",157,"29,6",167,Asie-Pacifique,Bangladesh,Bangladesh,Bangladés,بنغلاديش,بنگلادش,2023,162,-1,Bangladesh ,"36,63","-1,32"
RUS,"34,77",164,"32,43",173,"36,17",140,"34,51",158,"38,94",152,"31,82",159,EEAC,Russia,Russie,Rusia,روسيا,روسیه,2023,155,-9,Rússia ,"38,82","-4,05"
TUR,"33,97",165,"36,56",160,"29,41",168,"41,16",146,"30,11",167,"32,58",157,EEAC,Türkiye,Turquie,Turquía,تركيا,ترکیه,2023,149,-16,Turquia ,"41,25","-7,28"
EGY,"33,37",166,"29,63",176,"31,96",162,"34,72",156,"39,55",151,"31,02",162,MENA,Egypt,Égypte,Egipto,مصر,مصر,2023,168,2,Egito ,"30,23","3,14"
IRQ,"32,94",167,"39,25",152,"28,04",170,"31,13",161,"36,36",158,"29,9",165,MENA,Iraq,Irak,Irak,العراق,عراق,2023,172,5,Iraque ,"28,59","4,35"
YEM,"32,78",168,"37,5",158,"30,39",166,"40,57",147,"34,09",161,"21,37",178,MENA,Yemen,Yémen,Yemen,اليمن,یمن,2023,169,1,Iêmen ,"29,14","3,64"
HND,"32,65",169,40,149,"33,33",157,"39,94",148,"22,37",175,"27,61",171,Amériques,Honduras,Honduras,Honduras,هندوراس,هندوراس,2023,165,-4,Honduras ,"34,61","-1,96"
SAU,"32,43",170,"37,19",159,"33,33",157,"21,7",174,"30,11",167,"39,8",145,MENA,Saudi Arabia,Arabie Saoudite,Arabia Saudita,المملكة العربية السعودية,عربستان سعودی,2023,166,-4,Arábia Saudita ,"33,71","-1,28"
BHR,"30,59",171,"30,63",175,"25,25",176,"21,93",173,"33,52",162,"41,64",141,MENA,Bahrain,Bahreïn,Baréin,البحرين,بحرین,2023,167,-4,Bahrein ,"30,97","-0,38"
CUB,29,172,"32,85",172,"35,73",146,"14,36",180,"29,94",169,"32,14",158,Amériques,Cuba,Cuba,Cuba,كوبا,کوبا,2023,173,1,Cuba ,"27,32","1,68"
MMR,"28,26",173,"35,75",164,"40,98",120,"20,19",175,"24,77",174,"19,6",180,Asie-Pacifique,Myanmar,Birmanie,Birmania,بورما,برمه,2023,176,3,Birmânia ,"25,03","3,23"
ERI,"27,86",174,"33,13",171,"26,96",172,"23,43",171,"26,16",173,"29,61",166,Afrique,Eritrea,Érythrée,Eritrea,إريتريا,اریتره,2023,179,5,Eritreia ,"19,62","8,24"
SYR,"27,22",175,"33,65",169,"25,49",174,"24,34",170,"29,55",171,"23,07",177,MENA,Syria,Syrie,Siria,سوريا,سوریه,2023,171,-4,Síria ,"28,94","-1,72"
TKM,"25,82",176,"23,25",180,"20,39",179,"29,62",165,"9,32",179,"46,53",132,EEAC,Turkmenistan,Turkménistan,Turkmenistán,تركمانستان,ترکمنستان,2023,177,1,Turcomenistão ,"25,01","0,81"
IRN,"24,81",177,"33,67",168,"30,51",165,"20,17",176,"16,06",178,"23,62",175,MENA,Iran,Iran,Irán,إيران,ایران,2023,178,1,Irã ,"23,22","1,59"
VNM,"24,58",178,"23,75",179,"17,16",180,"18,4",177,"32,95",163,"30,66",163,Asie-Pacifique,Vietnam,Vietnam,Vietnam,فيتنام,ویتنام,2023,174,-4,Vietnã ,"26,11","-1,53"
CHN,"22,97",179,"26,06",178,"29,51",167,"17,36",178,"17,07",177,"24,87",173,Asie-Pacifique,China,Chine,China,الصين,چین,2023,175,-4,China ,"25,17","-2,2"
PRK,"21,72",180,"26,56",177,"21,57",178,"22,64",172,"4,6",180,"33,25",156,Asie-Pacifique,North Korea,Corée du Nord,Corea del Norte,كوريا الشمالية,کره شمالی,2023,180,0,Coreia do Norte ,"13,92","7,8"
